vaccine,country,year,coverage,coverage_subnat,mid_day,a0,a1
SIA,AFG,1994,0.90460978,0.90460978,180,192,192
SIA,AFG,1995,0.09324756,0.09324756,180,53,104
SIA,AFG,1995,0.41939217,0.41939217,180,192,192
SIA,AFG,1996,0.14086366,0.14086366,180,53,104
SIA,AFG,1999,0.02332775,0.02332775,180,53,104
SIA,AFG,2002,0.87698451,0.87698451,180,53,168
SIA,AFG,2003,1,1,180,53,159
SIA,AFG,2006,0.29444847,0.29444847,180,53,159
SIA,AFG,2007,0.41882294,0.41882294,180,53,159
SIA,AFG,2009,1,1,180,53,157
SIA,AFG,2011,0.06039127,0.06039127,180,53,159
SIA,AFG,2011,0.10072186,0.10072186,180,160,164
SIA,AFG,2012,0.56645655,0.56645655,180,53,164
SIA,AFG,2013,0.16235288,0.16235288,180,53,159
SIA,AFG,2014,0.06316113,0.06316113,180,53,159
SIA,AFG,2014,0.03065344,0.03065344,180,160,164
SIA,AFG,2015,1,1,180,53,159
SIA,AFG,2016,0.22853625,0.22853625,180,53,164
SIA,AFG,2017,0.09114594,0.09114594,180,53,159
SIA,AFG,2018,1,1,180,53,164
SIA,AGO,1997,0.0571486,0.0571486,180,53,159
SIA,AGO,1999,0.01203129,0.01203129,180,53,159
SIA,AGO,2003,0.92974745,0.92974745,180,53,168
SIA,AGO,2006,0.87866898,0.87866898,180,53,159
SIA,AGO,2009,0.84305906,0.84305906,180,53,159
SIA,AGO,2011,1,1,180,53,159
SIA,AGO,2014,1,1,180,53,163
SIA,AGO,2017,0.95566899,0.95566899,180,53,168
SIA,AGO,2018,0.90496214,0.90496214,180,53,168
SIA,AGO,2019,0.03014096,0.03014096,180,1,159
SIA,AGO,2020,0.8999998,0.8999998,180,53,158
SIA,ALB,2000,0.95647789,0.95647789,180,53,168
SIA,ALB,2001,0.0453653,0.0453653,180,170,189
SIA,ALB,2002,0.92878928,0.92878928,180,170,189
SIA,ALB,2003,0.18296466,0.18296466,180,171,178
SIA,ALB,2017,0.00476584,0.00476584,180,1,1
SIA,ARE,1998,0.22566289,0.22566289,180,53,159
SIA,ARE,1999,0.1077404,0.1077404,180,53,159
SIA,ARE,1999,0.12898258,0.12898258,180,160,172
SIA,ARE,2015,0.28627537,0.28627537,180,53,172
SIA,ARE,2016,0.06834893,0.06834893,180,173,188
SIA,ARG,1993,0.49788672,0.49788672,180,53,168
SIA,ARG,2005,0.37517129,0.37517129,180,53,158
SIA,ARG,2006,0.22325119,0.22325119,180,169,193
SIA,ARG,2008,0.24117091,0.24117091,180,173,190
SIA,ARG,2009,0.4884867,0.4884867,180,53,158
SIA,ARG,2014,0.40427996,0.40427996,180,53,158
SIA,ARG,2018,0.42475146,0.42475146,180,53,158
SIA,ARG,2019,0.04782548,0.04782548,180,1,1
SIA,ARG,2019,0.08099694,0.08099694,180,53,52
SIA,ARG,2019,0.03317146,0.03317146,180,105,158
SIA,ARG,2019,0.00059611,0.00059611,180,159,160
SIA,ARM,2007,0.85326045,0.85326045,180,160,181
SIA,ARM,2008,0.12359324,0.12359324,180,105,158
SIA,ARM,2009,1,1,180,157,158
SIA,AUS,1998,0.3178467,0.3178467,180,159,166
SIA,AZE,2004,0.12888232,0.12888232,180,165,169
SIA,AZE,2006,0.80731237,0.80731237,180,161,176
SIA,AZE,2006,0.53010551,0.53010551,180,177,177
SIA,AZE,2006,0.25289865,0.25289865,180,178,189
SIA,AZE,2014,0.25557557,0.25557557,180,164,168
SIA,AZE,2015,0.00085424,0.00085424,180,172,214
SIA,BDI,2001,0.58123837,0.58123837,180,53,169
SIA,BDI,2002,0.91713133,0.91713133,180,53,168
SIA,BDI,2003,0.00210499,0.00210499,180,160,168
SIA,BDI,2004,0.05713357,0.05713357,180,1,52
SIA,BDI,2005,0.04374086,0.04374086,180,1,52
SIA,BDI,2006,0.94674063,0.94674063,180,53,159
SIA,BDI,2009,0.91256109,0.91256109,180,53,159
SIA,BDI,2010,0.20263111,0.20263111,180,53,159
SIA,BDI,2010,0.10790503,0.10790503,180,160,168
SIA,BDI,2011,0.07897178,0.07897178,180,53,168
SIA,BDI,2012,0.8949255,0.8949255,180,53,159
SIA,BDI,2013,0.11824237,0.11824237,180,105,104
SIA,BDI,2014,0.04423775,0.04423775,180,105,104
SIA,BDI,2015,0.03085212,0.03085212,180,105,104
SIA,BDI,2016,0.04039868,0.04039868,180,105,104
SIA,BDI,2017,0.89970878,0.89970878,180,53,168
SIA,BDI,2018,0.03196091,0.03196091,180,105,104
SIA,BDI,2019,0.00810485,0.00810485,180,1,52
SIA,BDI,2020,0.10056688,0.10056688,180,1,1
SIA,BDI,2020,0.11413824,0.11413824,180,53,159
SIA,BDI,2020,0.01357136,0.01357136,180,160,168
SIA,BDI,2022,0.38437705,0.38437705,180,53,159
SIA,BEN,1999,0.03183071,0.03183071,180,53,52
SIA,BEN,2000,0.03112044,0.03112044,180,53,52
SIA,BEN,2001,0.16226294,0.16226294,180,53,168
SIA,BEN,2003,0.7444811,0.7444811,180,53,168
SIA,BEN,2005,0.85506056,0.85506056,180,53,159
SIA,BEN,2008,0.88656712,0.88656712,180,53,159
SIA,BEN,2011,0.91206213,0.91206213,180,53,159
SIA,BEN,2014,1,1,180,53,163
SIA,BEN,2015,0.14171045,0.14171045,180,53,163
SIA,BEN,2019,0.57239385,0.57239385,180,53,168
SIA,BFA,1998,0.05163356,0.05163356,180,53,159
SIA,BFA,1999,0.28862504,0.28862504,180,53,159
SIA,BFA,2000,0.2320505,0.2320505,180,53,159
SIA,BFA,2001,0.96976362,0.96976362,180,53,168
SIA,BFA,2004,1,1,180,53,159
SIA,BFA,2007,1,1,180,53,159
SIA,BFA,2009,0.59730084,0.59730084,180,53,168
SIA,BFA,2011,1,1,180,53,159
SIA,BFA,2012,0.00214516,0.00214516,180,53,254
SIA,BFA,2014,1,1,180,53,168
SIA,BFA,2018,0.16087765,0.16087765,180,1,159
SIA,BFA,2019,0.47673596,0.47673596,180,53,159
SIA,BGD,2001,0.11383541,0.11383541,180,53,157
SIA,BGD,2005,0.04280138,0.04280138,180,53,164
SIA,BGD,2006,1,1,180,53,164
SIA,BGD,2010,1,1,180,53,159
SIA,BGD,2014,1,1,180,53,168
SIA,BGD,2016,0.00856708,0.00856708,180,53,158
SIA,BGD,2017,0.00487414,0.00487414,180,1,169
SIA,BGD,2017,0.05783999,0.05783999,180,53,159
SIA,BGD,2020,0.41411184,0.41411184,180,53,164
SIA,BGD,2021,0.20810525,0.20810525,180,53,164
SIA,BGR,2009,0.02570966,0.02570966,180,53,174
SIA,BGR,2019,0.01131806,0.01131806,180,53,162
SIA,BHR,1997,0.15628222,0.15628222,180,53,157
SIA,BHR,1997,0.26253318,0.26253318,180,158,158
SIA,BHR,1997,0.10625096,0.10625096,180,159,194
SIA,BHR,1998,0.37976227,0.37976227,180,160,172
SIA,BHR,1999,0.31281343,0.31281343,180,53,161
SIA,BHR,2003,0.003452,0.003452,180,158,194
SIA,BHR,2006,0.00123919,0.00123919,180,158,194
SIA,BHR,2007,0.00175902,0.00175902,180,158,194
SIA,BHR,2019,0.3364432,0.3364432,180,1,1
SIA,BLR,2012,0.02222477,0.02222477,180,174,183
SIA,BLR,2014,0.00065801,0.00065801,180,174,199
SIA,BLR,2015,0.00088446,0.00088446,180,174,199
SIA,BLR,2019,0.48969801,0.48969801,180,1,1
SIA,BLZ,2004,0.36942305,0.36942305,180,159,189
SIA,BLZ,2005,0.18040672,0.18040672,180,157,189
SIA,BLZ,2008,0.00553092,0.00553092,180,53,159
SIA,BLZ,2010,0.03149292,0.03149292,180,53,104
SIA,BOL,1994,0.49108167,0.49108167,180,53,168
SIA,BOL,2002,0.08267459,0.08267459,180,1,104
SIA,BOL,2003,0.95253778,0.95253778,180,53,158
SIA,BOL,2004,0.08200309,0.08200309,180,53,104
SIA,BOL,2005,0.09329239,0.09329239,180,53,104
SIA,BOL,2006,1,1,180,169,193
SIA,BOL,2007,0.98277974,0.98277974,180,105,169
SIA,BOL,2018,0.00345479,0.00345479,180,53,158
SIA,BOL,2019,0.01422795,0.01422795,180,53,52
SIA,BOL,2019,0.03229975,0.03229975,180,105,158
SIA,BOL,2021,0.4776645,0.4776645,180,53,159
SIA,BRA,1992,0.46604457,0.46604457,180,53,168
SIA,BRA,1995,0.18356948,0.18356948,180,53,159
SIA,BRA,1997,0.17384935,0.17384935,180,1,1
SIA,BRA,1997,0.26070833,0.26070833,180,53,159
SIA,BRA,2000,0.59136087,0.59136087,180,53,158
SIA,BRA,2001,0.08067471,0.08067471,180,166,193
SIA,BRA,2002,0.08531116,0.08531116,180,166,193
SIA,BRA,2004,0.47699858,0.47699858,180,53,158
SIA,BRA,2008,0.52445506,0.52445506,180,174,193
SIA,BRA,2011,0.38783485,0.38783485,180,53,161
SIA,BRA,2014,0.4114452,0.4114452,180,53,158
SIA,BRA,2018,0.37446816,0.37446816,180,53,159
SIA,BRA,2019,0.02098751,0.02098751,180,1,159
SIA,BRA,2019,0.01901984,0.01901984,180,169,173
SIA,BRA,2019,0.05312397,0.05312397,180,174,183
SIA,BRA,2020,0.40936018,0.40936018,180,1,158
SIA,BRA,2020,0.41038592,0.41038592,180,159,159
SIA,BRA,2020,0.40294382,0.40294382,180,160,169
SIA,BRA,2020,0.00102574,0.00102574,180,170,173
SIA,BRB,2007,0.01309795,0.01309795,180,1,1
SIA,BRB,2014,0.00024811,0.00024811,180,1,159
SIA,BTN,1995,0.16365926,0.16365926,180,53,169
SIA,BTN,2000,0.91000191,0.91000191,180,1,168
SIA,BTN,2006,0.62251307,0.62251307,180,53,198
SIA,BTN,2016,0.00844479,0.00844479,180,53,158
SIA,BTN,2017,0.99,0.99,180,1,1
SIA,BTN,2017,0.23822908,0.23822908,180,53,194
SIA,BTN,2018,0.01232074,0.01232074,180,53,199
SIA,BWA,1997,0.28056604,0.28056604,180,53,168
SIA,BWA,1998,0.1981021,0.1981021,180,53,168
SIA,BWA,2005,0.38293757,0.38293757,180,53,159
SIA,BWA,2009,0.38695955,0.38695955,180,53,159
SIA,BWA,2013,0.36239905,0.36239905,180,53,159
SIA,BWA,2016,0.45791514,0.45791514,180,53,168
SIA,BWA,2021,0.36548798,0.36548798,180,53,159
SIA,CAF,1998,0.04200378,0.04200378,180,53,159
SIA,CAF,2005,0.69518946,0.69518946,180,53,169
SIA,CAF,2006,0.29576866,0.29576866,180,53,169
SIA,CAF,2008,0.97404178,0.97404178,180,53,159
SIA,CAF,2011,0.8813164,0.8813164,180,53,158
SIA,CAF,2013,0.22953643,0.22953643,180,53,159
SIA,CAF,2015,0.00677182,0.00677182,180,1,164
SIA,CAF,2016,0.5481173,0.5481173,180,53,164
SIA,CAF,2017,0.01909522,0.01909522,180,1,168
SIA,CAF,2019,0.99,0.99,180,1,159
SIA,CAF,2020,0.89999846,0.89999846,180,53,158
SIA,CHL,1992,0.501959,0.501959,180,53,168
SIA,CHL,1996,0.63190147,0.63190147,180,53,158
SIA,CHL,2007,0.2325373,0.2325373,180,173,183
SIA,CHL,2015,0.42400619,0.42400619,180,53,159
SIA,CHL,2020,0.11962818,0.11962818,180,53,160
SIA,CHL,2021,0.12079814,0.12079814,180,53,160
SIA,CHN,1998,0.00134667,0.00134667,180,53,173
SIA,CHN,1999,0.00169132,0.00169132,180,53,161
SIA,CHN,2003,0.00341774,0.00341774,180,1,166
SIA,CHN,2004,0.03359306,0.03359306,180,1,166
SIA,CHN,2005,0.01232898,0.01232898,180,1,1
SIA,CHN,2005,0.01346611,0.01346611,180,53,168
SIA,CHN,2005,0.00437828,0.00437828,180,169,179
SIA,CHN,2006,0.02235314,0.02235314,180,1,168
SIA,CHN,2007,0.07736692,0.07736692,180,1,168
SIA,CHN,2008,0.117664,0.117664,180,1,160
SIA,CHN,2008,0.13563823,0.13563823,180,161,168
SIA,CHN,2009,0.1931416,0.1931416,180,1,168
SIA,CHN,2010,1,1,180,1,158
SIA,CIV,2003,0.05686624,0.05686624,180,53,168
SIA,CIV,2005,1,1,180,53,168
SIA,CIV,2008,0.97187323,0.97187323,180,53,159
SIA,CIV,2011,1,1,180,53,159
SIA,CIV,2014,1,1,180,53,163
SIA,CIV,2017,1,1,180,53,168
SIA,CIV,2018,0.66108676,0.66108676,180,53,168
SIA,CIV,2021,0.73285702,0.73285702,180,53,159
SIA,CMR,1999,0.02143661,0.02143661,180,53,159
SIA,CMR,2001,0.71226674,0.71226674,180,53,159
SIA,CMR,2001,0.42453348,0.42453348,180,160,168
SIA,CMR,2002,0.68073856,0.68073856,180,53,168
SIA,CMR,2006,0.41467503,0.41467503,180,53,159
SIA,CMR,2007,0.5679973,0.5679973,180,53,159
SIA,CMR,2009,1,1,180,53,159
SIA,CMR,2010,0.01355075,0.01355075,180,53,159
SIA,CMR,2011,0.00461371,0.00461371,180,53,159
SIA,CMR,2012,1,1,180,53,159
SIA,CMR,2015,0.99813739,0.99813739,180,53,168
SIA,CMR,2018,0.00918904,0.00918904,180,53,159
SIA,CMR,2019,0.402321,0.402321,180,53,158
SIA,CMR,2019,0.40334658,0.40334658,180,159,159
SIA,CMR,2019,0.00102558,0.00102558,180,160,168
SIA,CMR,2020,0.04661707,0.04661707,180,1,104
SIA,CMR,2021,0.05074482,0.05074482,180,1,163
SIA,COD,1996,0.13347206,0.13347206,180,53,159
SIA,COD,1997,0.06181059,0.06181059,180,53,157
SIA,COD,1999,0.23041221,0.23041221,180,53,159
SIA,COD,2000,0.16879407,0.16879407,180,53,159
SIA,COD,2002,0.25399815,0.25399815,180,53,169
SIA,COD,2003,0.00478693,0.00478693,180,53,169
SIA,COD,2004,0.36956149,0.36956149,180,53,169
SIA,COD,2005,0.28949915,0.28949915,180,53,169
SIA,COD,2006,0.24683617,0.24683617,180,53,159
SIA,COD,2006,0.27981442,0.27981442,180,160,169
SIA,COD,2007,0.35996659,0.35996659,180,53,159
SIA,COD,2008,0.25942029,0.25942029,180,53,159
SIA,COD,2009,0.21528299,0.21528299,180,53,159
SIA,COD,2010,0.10867035,0.10867035,180,53,159
SIA,COD,2011,0.16482322,0.16482322,180,53,159
SIA,COD,2012,0.0324934,0.0324934,180,53,159
SIA,COD,2012,0.01025463,0.01025463,180,160,168
SIA,COD,2013,0.18464573,0.18464573,180,53,163
SIA,COD,2013,0.03751926,0.03751926,180,164,168
SIA,COD,2014,0.17770246,0.17770246,180,53,163
SIA,COD,2014,0.04839605,0.04839605,180,164,164
SIA,COD,2015,0.05581949,0.05581949,180,1,159
SIA,COD,2015,0.03472768,0.03472768,180,160,164
SIA,COD,2015,0.03293565,0.03293565,180,165,168
SIA,COD,2015,0.03211417,0.03211417,180,169,169
SIA,COD,2016,0.3901209,0.3901209,180,53,159
SIA,COD,2017,0.81669368,0.81669368,180,53,158
SIA,COD,2019,0.01160996,0.01160996,180,1,159
SIA,COD,2020,0.03939302,0.03939302,180,1,1
SIA,COD,2020,0.03235047,0.03235047,180,53,159
SIA,COD,2020,0.00412212,0.00412212,180,160,164
SIA,COD,2020,0.00348786,0.00348786,180,165,168
SIA,COG,2004,1,1,180,53,168
SIA,COG,2005,0.00695149,0.00695149,180,1,168
SIA,COG,2007,1,1,180,53,159
SIA,COG,2010,0.85110722,0.85110722,180,53,159
SIA,COG,2011,0.14356253,0.14356253,180,53,104
SIA,COG,2011,0.21942518,0.21942518,180,157,159
SIA,COG,2013,0.98580776,0.98580776,180,53,159
SIA,COG,2016,0.19052477,0.19052477,180,1,159
SIA,COG,2019,0.52766774,0.52766774,180,53,168
SIA,COG,2020,0.04302677,0.04302677,180,1,52
SIA,COK,1998,0.48335947,0.48335947,180,53,168
SIA,COK,2006,0.30436212,0.30436212,180,53,189
SIA,COL,1993,0.48631321,0.48631321,180,53,168
SIA,COL,1995,0.29403587,0.29403587,180,53,158
SIA,COL,2002,0.52722999,0.52722999,180,53,158
SIA,COL,2003,0.1886591,0.1886591,180,1,52
SIA,COL,2004,0.00004436,0.00004436,180,1,52
SIA,COL,2005,0.02088146,0.02088146,180,1,52
SIA,COL,2005,0.541203,0.541203,180,168,193
SIA,COL,2006,0.07909626,0.07909626,180,53,160
SIA,COL,2010,0.50284838,0.50284838,180,53,162
SIA,COL,2011,0.18640466,0.18640466,180,164,173
SIA,COL,2021,0.34846208,0.34846208,180,53,164
SIA,COM,2003,0.06058173,0.06058173,180,53,159
SIA,COM,2005,0.46136298,0.46136298,180,53,168
SIA,COM,2006,0.35575026,0.35575026,180,53,169
SIA,COM,2007,0.88454007,0.88454007,180,53,169
SIA,COM,2010,0.74592416,0.74592416,180,53,158
SIA,COM,2013,0.78311323,0.78311323,180,53,159
SIA,COM,2016,0.7126259,0.7126259,180,53,159
SIA,COM,2019,0.18131696,0.18131696,180,1,168
SIA,COM,2021,0.47758334,0.47758334,180,53,168
SIA,CPV,2005,0.86641659,0.86641659,180,53,159
SIA,CPV,2009,0.79428234,0.79428234,180,53,159
SIA,CPV,2013,0.94141028,0.94141028,180,53,178
SIA,CPV,2018,0.41059673,0.41059673,180,53,159
SIA,CRI,2001,0.49009675,0.49009675,180,169,193
SIA,CRI,2002,0.38347979,0.38347979,180,53,158
SIA,CRI,2018,0.10236174,0.10236174,180,53,164
SIA,CRI,2019,0.3091989,0.3091989,180,53,164
SIA,CUB,1987,0.52074845,0.52074845,180,53,168
SIA,CUB,2002,0.89333656,0.89333656,180,158,163
SIA,CUB,2007,0.97295101,0.97295101,180,166,178
SIA,CYP,2004,0.27583804,0.27583804,180,160,160
SIA,CYP,2005,0.28329818,0.28329818,180,160,160
SIA,CYP,2006,0.01756086,0.01756086,180,160,160
SIA,CYP,2006,0.01538613,0.01538613,180,165,166
SIA,CYP,2006,0.01981164,0.01981164,180,171,171
SIA,CYP,2007,0.01761658,0.01761658,180,160,160
SIA,CYP,2007,0.00902491,0.00902491,180,165,166
SIA,CYP,2007,0.00552953,0.00552953,180,171,171
SIA,CYP,2010,0.01336013,0.01336013,180,1,1
SIA,CYP,2011,0.01656041,0.01656041,180,1,1
SIA,CYP,2012,0.00598918,0.00598918,180,1,1
SIA,CYP,2013,0.0146495,0.0146495,180,1,1
SIA,CYP,2014,0.01714318,0.01714318,180,1,1
SIA,CYP,2015,0.25362264,0.25362264,180,1,1
SIA,CYP,2015,0.12003297,0.12003297,180,163,163
SIA,CYP,2016,0.30172665,0.30172665,180,1,1
SIA,CYP,2016,0.14903284,0.14903284,180,163,163
SIA,CYP,2017,0.24982767,0.24982767,180,1,1
SIA,CYP,2017,0.10999795,0.10999795,180,163,163
SIA,CYP,2018,0.32148254,0.32148254,180,1,1
SIA,CYP,2018,0.13549921,0.13549921,180,163,163
SIA,DJI,2002,0.70766391,0.70766391,180,53,159
SIA,DJI,2003,0.75439922,0.75439922,180,53,159
SIA,DJI,2005,0.63178008,0.63178008,180,53,169
SIA,DJI,2006,0.14877604,0.14877604,180,53,169
SIA,DJI,2007,0.076138,0.076138,180,53,159
SIA,DJI,2008,0.65632032,0.65632032,180,53,169
SIA,DJI,2011,0.13428264,0.13428264,180,53,104
SIA,DJI,2012,0.99369365,0.99369365,180,53,159
SIA,DJI,2012,0.12964011,0.12964011,180,160,169
SIA,DJI,2015,1,1,180,53,168
SIA,DJI,2015,0.93192902,0.93192902,180,169,169
SIA,DJI,2015,0.86385804,0.86385804,180,170,179
SIA,DJI,2017,0.05185423,0.05185423,180,158,162
SIA,DJI,2018,0.41546472,0.41546472,180,1,159
SIA,DJI,2020,0.44282008,0.44282008,180,1,169
SIA,DMA,2019,0.05228031,0.05228031,180,53,104
SIA,DNK,2012,0.01004024,0.01004024,180,192,192
SIA,DOM,1993,0.40873297,0.40873297,180,53,168
SIA,DOM,1998,0.39594793,0.39594793,180,53,159
SIA,DOM,2003,0.32164075,0.32164075,180,1,157
SIA,DOM,2004,0.52714557,0.52714557,180,53,158
SIA,DOM,2004,0.22106427,0.22106427,180,159,163
SIA,DOM,2006,0.46032272,0.46032272,180,161,193
SIA,DOM,2010,0.48220521,0.48220521,180,53,162
SIA,DOM,2015,0.44812213,0.44812213,180,53,158
SIA,DZA,1996,0.16827689,0.16827689,180,53,158
SIA,DZA,1997,0.17596927,0.17596927,180,53,158
SIA,DZA,2003,0.47974642,0.47974642,180,53,168
SIA,DZA,2007,0.15377496,0.15377496,180,1,1
SIA,DZA,2011,0.08892512,0.08892512,180,1,1
SIA,DZA,2013,0.25110504,0.25110504,180,160,160
SIA,DZA,2014,0.07093618,0.07093618,180,53,158
SIA,DZA,2017,0.24629939,0.24629939,180,160,168
SIA,DZA,2018,0.11777091,0.11777091,180,160,168
SIA,DZA,2019,0.11263602,0.11263602,180,160,168
SIA,ECU,2002,0.45884995,0.45884995,180,1,168
SIA,ECU,2003,0.01041104,0.01041104,180,105,158
SIA,ECU,2004,0.44765681,0.44765681,180,170,193
SIA,ECU,2008,0.46614504,0.46614504,180,53,160
SIA,ECU,2009,0.01417049,0.01417049,180,53,104
SIA,ECU,2011,0.49344014,0.49344014,180,161,161
SIA,ECU,2012,0.28164891,0.28164891,180,1,168
SIA,ECU,2018,0.01720828,0.01720828,180,53,207
SIA,ECU,2019,0.03187628,0.03187628,180,105,161
SIA,EGY,1998,0.0884436,0.0884436,180,1,159
SIA,EGY,2000,0.55696803,0.55696803,180,160,165
SIA,EGY,2001,0.16065144,0.16065144,180,160,165
SIA,EGY,2002,0.6320909,0.6320909,180,157,159
SIA,EGY,2008,0.99819494,0.99819494,180,164,174
SIA,EGY,2009,1,1,180,105,165
SIA,EGY,2015,1,1,180,53,164
SIA,EGY,2016,0.11170016,0.11170016,180,158,158
SIA,EGY,2016,0.03761369,0.03761369,180,165,174
SIA,EGY,2020,0.51689946,0.51689946,180,53,160
SIA,ERI,1997,0.01291355,0.01291355,180,53,159
SIA,ERI,1998,0.01082869,0.01082869,180,53,159
SIA,ERI,1999,0.04221511,0.04221511,180,53,159
SIA,ERI,2000,0.31612915,0.31612915,180,53,159
SIA,ERI,2001,0.39943792,0.39943792,180,53,159
SIA,ERI,2003,1,1,180,53,168
SIA,ERI,2004,0.01013583,0.01013583,180,53,169
SIA,ERI,2006,0.92599302,0.92599302,180,53,159
SIA,ERI,2009,0.69557825,0.69557825,180,53,158
SIA,ERI,2012,0.64613832,0.64613832,180,53,158
SIA,ERI,2015,0.67136836,0.67136836,180,53,159
SIA,ERI,2018,0.45304274,0.45304274,180,53,168
SIA,ETH,1998,0.00560031,0.00560031,180,53,159
SIA,ETH,1999,0.06857611,0.06857611,180,53,159
SIA,ETH,2000,0.25247413,0.25247413,180,53,159
SIA,ETH,2001,0.13426647,0.13426647,180,53,159
SIA,ETH,2002,0.076144,0.076144,180,53,168
SIA,ETH,2003,0.16533942,0.16533942,180,53,168
SIA,ETH,2004,0.23345908,0.23345908,180,53,168
SIA,ETH,2005,0.0391109,0.0391109,180,53,159
SIA,ETH,2005,0.00418545,0.00418545,180,160,168
SIA,ETH,2006,0.7547382,0.7547382,180,53,159
SIA,ETH,2007,0.07885777,0.07885777,180,53,159
SIA,ETH,2008,0.78999463,0.78999463,180,53,159
SIA,ETH,2009,0.02254234,0.02254234,180,53,159
SIA,ETH,2010,0.39564357,0.39564357,180,53,158
SIA,ETH,2010,0.0685483,0.0685483,180,159,159
SIA,ETH,2011,0.12811031,0.12811031,180,53,158
SIA,ETH,2011,0.18995969,0.18995969,180,159,168
SIA,ETH,2013,0.79533373,0.79533373,180,53,159
SIA,ETH,2015,0.10410102,0.10410102,180,1,159
SIA,ETH,2016,0.62501546,0.62501546,180,53,168
SIA,ETH,2017,0.0267718,0.0267718,180,1,169
SIA,ETH,2017,0.28436577,0.28436577,180,53,168
SIA,ETH,2020,0.43794339,0.43794339,180,53,159
SIA,ETH,2022,0.40700364,0.40700364,180,53,159
SIA,FJI,1997,0.3732233,0.3732233,180,53,168
SIA,FJI,2006,1,1,180,53,159
SIA,FJI,2011,0.00884162,0.00884162,180,53,166
SIA,FJI,2017,0.4311786,0.4311786,180,53,165
SIA,FSM,2004,0.45636331,0.45636331,180,53,168
SIA,FSM,2010,0.37947997,0.37947997,180,53,160
SIA,FSM,2011,0.29409288,0.29409288,180,53,161
SIA,FSM,2013,0.35833507,0.35833507,180,53,158
SIA,FSM,2014,0.24564939,0.24564939,180,53,158
SIA,FSM,2014,0.25785267,0.25785267,180,159,203
SIA,FSM,2014,0.04503667,0.04503667,180,204,211
SIA,FSM,2017,0.04770381,0.04770381,180,53,160
SIA,FSM,2018,0.01849719,0.01849719,180,53,160
SIA,FSM,2019,0.11702657,0.11702657,180,1,1
SIA,FSM,2019,0.1629631,0.1629631,180,53,160
SIA,FSM,2020,0.12099649,0.12099649,180,53,171
SIA,GAB,2004,0.49248773,0.49248773,180,53,168
SIA,GAB,2007,0.44682787,0.44682787,180,53,159
SIA,GAB,2012,0.27532607,0.27532607,180,1,159
SIA,GAB,2013,0.19382632,0.19382632,180,53,164
SIA,GAB,2013,0.02168197,0.02168197,180,165,166
SIA,GAB,2017,0.34352475,0.34352475,180,53,159
SIA,GAB,2022,0.16721131,0.16721131,180,53,159
SIA,GBR,1994,0.44172138,0.44172138,180,159,168
SIA,GEO,2004,0.00229328,0.00229328,180,53,169
SIA,GEO,2004,0.09407707,0.09407707,180,167,167
SIA,GEO,2004,0.18933332,0.18933332,180,168,168
SIA,GEO,2005,0.49540724,0.49540724,180,167,168
SIA,GEO,2008,0.38357984,0.38357984,180,160,181
SIA,GEO,2013,0.04991968,0.04991968,180,105,168
SIA,GEO,2014,0.0317001,0.0317001,180,105,183
SIA,GEO,2015,0.01526335,0.01526335,180,105,184
SIA,GEO,2016,0.00893517,0.00893517,180,160,184
SIA,GEO,2017,0.00305954,0.00305954,180,160,184
SIA,GEO,2019,0.00189691,0.00189691,180,1,195
SIA,GEO,2020,0.00380274,0.00380274,180,1,195
SIA,GHA,2001,0.10291435,0.10291435,180,53,168
SIA,GHA,2002,1,1,180,53,168
SIA,GHA,2006,1,1,180,53,159
SIA,GHA,2010,1,1,180,53,159
SIA,GHA,2013,1,1,180,53,168
SIA,GHA,2018,0.54296339,0.54296339,180,53,159
SIA,GIN,2002,0.21019943,0.21019943,180,53,168
SIA,GIN,2003,0.85132226,0.85132226,180,53,168
SIA,GIN,2006,1,1,180,53,159
SIA,GIN,2009,1,1,180,53,159
SIA,GIN,2012,1,1,180,53,159
SIA,GIN,2014,0.18754138,0.18754138,180,1,164
SIA,GIN,2015,0.16391401,0.16391401,180,1,164
SIA,GIN,2016,1,1,180,53,159
SIA,GIN,2017,0.2937652,0.2937652,180,1,159
SIA,GIN,2017,0.24158998,0.24158998,180,160,164
SIA,GIN,2020,0.9,0.9,180,53,158
SIA,GMB,2003,1,1,180,53,168
SIA,GMB,2007,0.85889881,0.85889881,180,53,159
SIA,GMB,2011,0.97733418,0.97733418,180,53,159
SIA,GMB,2016,0.88899435,0.88899435,180,53,168
SIA,GMB,2022,0.22080521,0.22080521,180,53,159
SIA,GNB,1999,0.16142178,0.16142178,180,1,159
SIA,GNB,2000,0.15851413,0.15851413,180,1,159
SIA,GNB,2006,1,1,180,53,168
SIA,GNB,2009,0.872231,0.872231,180,53,159
SIA,GNB,2012,0.84830734,0.84830734,180,53,159
SIA,GNB,2015,0.81121896,0.81121896,180,53,159
SIA,GNB,2019,0.40883596,0.40883596,180,53,159
SIA,GNQ,2003,0.04308904,0.04308904,180,1,104
SIA,GNQ,2005,0.17956542,0.17956542,180,53,169
SIA,GNQ,2009,0.22823511,0.22823511,180,53,159
SIA,GNQ,2011,0.03873604,0.03873604,180,53,158
SIA,GNQ,2012,0.12884966,0.12884966,180,53,159
SIA,GNQ,2016,0.25310959,0.25310959,180,1,159
SIA,GNQ,2020,0.19261018,0.19261018,180,1,159
SIA,GRD,2015,0.00410826,0.00410826,180,1,1
SIA,GTM,1996,0.32402719,0.32402719,180,53,158
SIA,GTM,2003,0.00151478,0.00151478,180,1,104
SIA,GTM,2007,0.95264072,0.95264072,180,163,193
SIA,GTM,2008,0.67640649,0.67640649,180,53,161
SIA,GTM,2013,0.8537997,0.8537997,180,53,159
SIA,GTM,2014,0.1429394,0.1429394,180,53,159
SIA,GTM,2019,0.44471767,0.44471767,180,53,160
SIA,GUY,2007,0.06159085,0.06159085,180,1,159
SIA,HND,2000,0.60804549,0.60804549,180,105,158
SIA,HND,2002,0.68039345,0.68039345,180,159,193
SIA,HND,2003,0.04639264,0.04639264,180,159,193
SIA,HND,2004,0.8315262,0.8315262,180,53,158
SIA,HND,2008,0.82038682,0.82038682,180,53,158
SIA,HND,2012,0.85049201,0.85049201,180,53,158
SIA,HND,2012,0.64224449,0.64224449,180,167,167
SIA,HND,2016,0.92839917,0.92839917,180,53,158
SIA,HTI,1994,0.47058536,0.47058536,180,53,168
SIA,HTI,1999,0.19547361,0.19547361,180,1,168
SIA,HTI,2003,0.77569993,0.77569993,180,53,104
SIA,HTI,2004,0.65570899,0.65570899,180,53,159
SIA,HTI,2006,0.00204333,0.00204333,180,53,158
SIA,HTI,2007,0.36053868,0.36053868,180,53,173
SIA,HTI,2008,1,1,180,53,173
SIA,HTI,2010,0.10768204,0.10768204,180,53,161
SIA,HTI,2012,1,1,180,53,163
SIA,HTI,2013,0.03091654,0.03091654,180,53,164
SIA,HTI,2016,1,1,180,53,159
SIA,HTI,2019,0.63143736,0.63143736,180,53,158
SIA,IDN,2000,0.04427464,0.04427464,180,53,159
SIA,IDN,2000,0.20810942,0.20810942,180,160,166
SIA,IDN,2002,0.00595716,0.00595716,180,1,1
SIA,IDN,2002,0.04959467,0.04959467,180,53,159
SIA,IDN,2003,0.03143032,0.03143032,180,160,166
SIA,IDN,2004,0.06548393,0.06548393,180,160,166
SIA,IDN,2005,0.03882285,0.03882285,180,53,169
SIA,IDN,2006,0.08127194,0.08127194,180,53,159
SIA,IDN,2006,0.09584739,0.09584739,180,160,166
SIA,IDN,2007,0.21725889,0.21725889,180,53,159
SIA,IDN,2007,0.06704141,0.06704141,180,160,166
SIA,IDN,2008,0.00063898,0.00063898,180,53,157
SIA,IDN,2009,0.02821036,0.02821036,180,53,159
SIA,IDN,2010,0.1417343,0.1417343,180,53,159
SIA,IDN,2011,0.49067826,0.49067826,180,53,159
SIA,IDN,2016,0.14893069,0.14893069,180,53,159
SIA,IDN,2017,0.53263745,0.53263745,180,53,168
SIA,IDN,2018,0.16795164,0.16795164,180,53,169
SIA,IND,2000,0.0058555,0.0058555,180,53,159
SIA,IND,2001,0.0075594,0.0075594,180,53,159
SIA,IND,2010,0.03666167,0.03666167,180,53,164
SIA,IND,2011,0.05997784,0.05997784,180,53,164
SIA,IND,2012,0.0986934,0.0986934,180,53,163
SIA,IND,2013,0.14802449,0.14802449,180,53,163
SIA,IND,2015,0.00058367,0.00058367,180,53,169
SIA,IND,2016,0.00058661,0.00058661,180,53,169
SIA,IND,2017,0.51396325,0.51396325,180,53,168
SIA,IND,2018,0.19493092,0.19493092,180,53,169
SIA,IND,2019,0.12814982,0.12814982,180,53,169
SIA,IRL,2009,0.27117116,0.27117116,180,169,172
SIA,IRN,1996,0.06924338,0.06924338,180,53,168
SIA,IRN,1997,0.07049874,0.07049874,180,53,168
SIA,IRN,2003,0.51601707,0.51601707,180,159,179
SIA,IRN,2007,0.00883106,0.00883106,180,1,1
SIA,IRN,2007,0.02893593,0.02893593,180,53,159
SIA,IRN,2008,0.00848613,0.00848613,180,1,1
SIA,IRN,2010,0.0044548,0.0044548,180,53,166
SIA,IRN,2012,0.00523797,0.00523797,180,53,166
SIA,IRN,2013,0.00562884,0.00562884,180,53,166
SIA,IRN,2015,0.04926983,0.04926983,180,53,169
SIA,IRQ,1995,0.11603578,0.11603578,180,53,159
SIA,IRQ,1996,0.22423076,0.22423076,180,53,159
SIA,IRQ,2002,0.92029863,0.92029863,180,53,159
SIA,IRQ,2004,0.00673067,0.00673067,180,53,159
SIA,IRQ,2004,0.66891022,0.66891022,180,160,160
SIA,IRQ,2004,0.50336533,0.50336533,180,161,161
SIA,IRQ,2004,1,1,180,162,166
SIA,IRQ,2005,0.42757124,0.42757124,180,53,159
SIA,IRQ,2006,1,1,180,53,159
SIA,IRQ,2007,0.83778547,0.83778547,180,53,159
SIA,IRQ,2008,0.02779679,0.02779679,180,53,157
SIA,IRQ,2008,0.03034367,0.03034367,180,158,159
SIA,IRQ,2009,0.34598516,0.34598516,180,53,158
SIA,IRQ,2009,0.48426473,0.48426473,180,159,159
SIA,IRQ,2009,0.85839921,0.85839921,180,160,166
SIA,IRQ,2010,0.29804314,0.29804314,180,53,159
SIA,IRQ,2010,0.01164262,0.01164262,180,160,166
SIA,IRQ,2011,0.44897718,0.44897718,180,172,178
SIA,IRQ,2012,1,1,180,53,159
SIA,IRQ,2013,0.9399773,0.9399773,180,160,166
SIA,IRQ,2014,1,1,180,53,157
SIA,IRQ,2015,0.43960355,0.43960355,180,53,159
SIA,IRQ,2016,0.10006664,0.10006664,180,53,157
SIA,IRQ,2017,0.02057977,0.02057977,180,160,167
SIA,IRQ,2018,0.3611765,0.3611765,180,53,159
SIA,IRQ,2019,0.21032012,0.21032012,180,53,159
SIA,ISL,2019,0.11341113,0.11341113,180,1,52
SIA,ISL,2019,0.1143301,0.1143301,180,105,104
SIA,ISL,2019,0.00091898,0.00091898,180,157,171
SIA,ISL,2020,0.00448396,0.00448396,180,172,199
SIA,ITA,2007,0.00012716,0.00012716,180,105,164
SIA,JAM,1991,0.36248853,0.36248853,180,53,168
SIA,JAM,2003,0.00328576,0.00328576,180,1,104
SIA,JAM,2004,0.00299988,0.00299988,180,1,159
SIA,JAM,2005,0.05720261,0.05720261,180,53,104
SIA,JAM,2006,0.01281857,0.01281857,180,53,160
SIA,JAM,2007,0.11443161,0.11443161,180,1,1
SIA,JOR,1997,0.47353791,0.47353791,180,160,169
SIA,JOR,1999,0.29655051,0.29655051,180,158,160
SIA,JOR,2003,0.00082708,0.00082708,180,53,168
SIA,JOR,2004,0.00002389,0.00002389,180,53,168
SIA,JOR,2005,0.00002351,0.00002351,180,53,168
SIA,JOR,2006,0.06995427,0.06995427,180,162,170
SIA,JOR,2012,0.07195997,0.07195997,180,1,159
SIA,JOR,2013,0.50216956,0.50216956,180,1,173
SIA,JOR,2013,0.63650781,0.63650781,180,53,168
SIA,JOR,2019,0.02428748,0.02428748,180,1,160
SIA,KAZ,2005,0.2384091,0.2384091,180,169,179
SIA,KAZ,2015,0.218625,0.218625,180,169,173
SIA,KAZ,2019,0.30491676,0.30491676,180,53,52
SIA,KAZ,2019,0.32265973,0.32265973,180,174,183
SIA,KEN,1994,0.01137331,0.01137331,180,53,159
SIA,KEN,1999,0.07129982,0.07129982,180,53,159
SIA,KEN,2002,0.96028941,0.96028941,180,53,168
SIA,KEN,2004,0.03450731,0.03450731,180,53,159
SIA,KEN,2005,0.0165366,0.0165366,180,1,159
SIA,KEN,2006,0.46507228,0.46507228,180,53,159
SIA,KEN,2009,0.84041985,0.84041985,180,53,159
SIA,KEN,2012,0.8664371,0.8664371,180,53,159
SIA,KEN,2016,1,1,180,53,168
SIA,KEN,2018,0.00917591,0.00917591,180,1,159
SIA,KEN,2021,0.1307233,0.1307233,180,1,1
SIA,KEN,2021,0.40667952,0.40667952,180,53,159
SIA,KGZ,2001,0.91626372,0.91626372,180,161,179
SIA,KGZ,2002,0.18086296,0.18086296,180,180,190
SIA,KGZ,2015,0.34975221,0.34975221,180,53,160
SIA,KGZ,2015,0.47349906,0.47349906,180,161,174
SIA,KHM,2000,0.11532934,0.11532934,180,53,159
SIA,KHM,2001,0.30472494,0.30472494,180,53,159
SIA,KHM,2001,0.51184637,0.51184637,180,160,168
SIA,KHM,2002,0.44468301,0.44468301,180,53,168
SIA,KHM,2003,0.44710996,0.44710996,180,53,168
SIA,KHM,2004,0.12975727,0.12975727,180,161,168
SIA,KHM,2005,0.07631362,0.07631362,180,53,159
SIA,KHM,2007,0.98872237,0.98872237,180,53,159
SIA,KHM,2011,0.90330717,0.90330717,180,53,158
SIA,KHM,2011,0.55755312,0.55755312,180,159,159
SIA,KHM,2011,0.21179908,0.21179908,180,160,163
SIA,KHM,2013,1,1,180,53,168
SIA,KHM,2016,0.23218848,0.23218848,180,53,159
SIA,KHM,2017,1,1,180,53,158
SIA,KHM,2019,0.00942383,0.00942383,180,1,169
SIA,KIR,1998,0.3618577,0.3618577,180,53,168
SIA,KIR,2002,0.10585098,0.10585098,180,53,159
SIA,KIR,2006,0.94029297,0.94029297,180,53,173
SIA,KIR,2009,0.81280382,0.81280382,180,53,159
SIA,KIR,2019,0.47535254,0.47535254,180,53,168
SIA,KNA,2004,0.17780749,0.17780749,180,1,1
SIA,KNA,2017,0.00539014,0.00539014,180,1,159
SIA,KOR,2001,0.48155554,0.48155554,180,162,170
SIA,KOR,2004,0.6719228,0.6719228,180,1,1
SIA,KOR,2005,0.67288632,0.67288632,180,1,1
SIA,KOR,2006,0.04117735,0.04117735,180,53,166
SIA,KOR,2007,0.04309128,0.04309128,180,53,166
SIA,KOR,2008,0.60292525,0.60292525,180,1,1
SIA,KOR,2009,0.03586314,0.03586314,180,53,166
SIA,KOR,2019,0.01315121,0.01315121,180,1,1
SIA,KOR,2019,0.0044817,0.0044817,180,53,52
SIA,KOR,2019,0.00281863,0.00281863,180,105,157
SIA,KWT,1998,0.34318459,0.34318459,180,160,165
SIA,KWT,2017,0.0795821,0.0795821,180,53,173
SIA,LAO,1998,0.025891,0.025891,180,53,104
SIA,LAO,2000,0.0749869,0.0749869,180,53,159
SIA,LAO,2001,0.68531705,0.68531705,180,53,159
SIA,LAO,2007,0.97511077,0.97511077,180,53,168
SIA,LAO,2011,0.91349802,0.91349802,180,53,173
SIA,LAO,2012,0.00095721,0.00095721,180,53,168
SIA,LAO,2013,0.00022394,0.00022394,180,53,169
SIA,LAO,2014,1,1,180,53,163
SIA,LAO,2017,0.45935988,0.45935988,180,53,159
SIA,LAO,2019,0.277128,0.277128,180,1,164
SIA,LAO,2020,0.14074181,0.14074181,180,53,159
SIA,LBN,2000,0.3832596,0.3832596,180,53,169
SIA,LBN,2008,0.26634092,0.26634092,180,53,169
SIA,LBN,2013,0.18977643,0.18977643,180,53,172
SIA,LBN,2014,0.29224166,0.29224166,180,53,172
SIA,LBN,2017,0.00060511,0.00060511,180,53,169
SIA,LBN,2020,0.11795878,0.11795878,180,1,163
SIA,LBR,2003,0.29870362,0.29870362,180,1,168
SIA,LBR,2004,1,1,180,53,168
SIA,LBR,2007,1,1,180,53,159
SIA,LBR,2008,1,1,180,53,159
SIA,LBR,2010,1,1,180,53,158
SIA,LBR,2011,0.89365329,0.89365329,180,53,159
SIA,LBR,2015,0.87658064,0.87658064,180,53,159
SIA,LBR,2018,0.89365227,0.89365227,180,53,159
SIA,LBY,2005,0.55128009,0.55128009,180,53,174
SIA,LBY,2008,0.0104906,0.0104906,180,53,160
SIA,LBY,2008,0.00983336,0.00983336,180,161,169
SIA,LBY,2009,0.46457225,0.46457225,180,53,160
SIA,LBY,2017,0.67263832,0.67263832,180,157,160
SIA,LBY,2018,0.71898207,0.71898207,180,53,168
SIA,LKA,2003,1,1,180,164,168
SIA,LKA,2004,0.78063357,0.78063357,180,170,174
SIA,LKA,2013,0.49524025,0.49524025,180,53,52
SIA,LSO,1999,0.30171484,0.30171484,180,53,159
SIA,LSO,2000,0.87425251,0.87425251,180,159,168
SIA,LSO,2003,0.68156638,0.68156638,180,53,159
SIA,LSO,2007,0.77617602,0.77617602,180,53,159
SIA,LSO,2010,0.81070387,0.81070387,180,53,169
SIA,LSO,2013,0.62046133,0.62046133,180,53,159
SIA,LSO,2017,0.38815126,0.38815126,180,53,168
SIA,LSO,2022,0.1574055,0.1574055,180,53,159
SIA,MAR,2008,0.54345876,0.54345876,180,53,168
SIA,MAR,2013,0.86682699,0.86682699,180,53,173
SIA,MAR,2019,0.02432031,0.02432031,180,53,52
SIA,MDA,2002,0.9222791,0.9222791,180,162,173
SIA,MDG,1998,0.03341683,0.03341683,180,53,159
SIA,MDG,2004,1,1,180,53,168
SIA,MDG,2007,0.96349256,0.96349256,180,53,159
SIA,MDG,2010,0.89617564,0.89617564,180,53,158
SIA,MDG,2013,0.94485253,0.94485253,180,53,159
SIA,MDG,2016,0.96126312,0.96126312,180,53,159
SIA,MDG,2018,0.04185136,0.04185136,180,53,159
SIA,MDG,2019,0.33771883,0.33771883,180,1,1
SIA,MDG,2019,0.4932215,0.4932215,180,53,163
SIA,MDG,2022,0.39662051,0.39662051,180,53,159
SIA,MDV,2005,0.15964683,0.15964683,180,160,189
SIA,MDV,2006,0.47394931,0.47394931,180,160,189
SIA,MDV,2007,0.49157907,0.49157907,180,158,160
SIA,MDV,2017,0.01905038,0.01905038,180,162,168
SIA,MDV,2017,0.25067439,0.25067439,180,169,179
SIA,MEX,1993,0.42804264,0.42804264,180,53,168
SIA,MEX,2003,0.21651115,0.21651115,180,53,158
SIA,MEX,2003,0.01594576,0.01594576,180,166,174
SIA,MEX,2004,0.24672216,0.24672216,180,160,161
SIA,MEX,2005,0.25461912,0.25461912,180,160,161
SIA,MEX,2006,0.56052104,0.56052104,180,53,158
SIA,MEX,2006,0.20512737,0.20512737,180,160,161
SIA,MEX,2006,0.04920976,0.04920976,180,167,193
SIA,MEX,2008,0.23220575,0.23220575,180,160,161
SIA,MEX,2008,0.53287649,0.53287649,180,173,183
SIA,MEX,2010,0.16534993,0.16534993,180,160,161
SIA,MEX,2011,0.20430598,0.20430598,180,160,161
SIA,MEX,2012,0.15926247,0.15926247,180,160,161
SIA,MEX,2013,0.18659867,0.18659867,180,160,161
SIA,MEX,2016,0.47021207,0.47021207,180,53,158
SIA,MEX,2018,0.31889727,0.31889727,180,160,160
SIA,MEX,2021,0.57800328,0.57800328,180,53,158
SIA,MEX,2021,0.08087672,0.08087672,180,159,163
SIA,MHL,2002,0.72547553,0.72547553,180,53,158
SIA,MHL,2019,0.54369321,0.54369321,180,1,160
SIA,MKD,2009,0.03908856,0.03908856,180,53,180
SIA,MLI,1998,0.03492827,0.03492827,180,53,159
SIA,MLI,1999,0.06821709,0.06821709,180,53,159
SIA,MLI,2000,0.03318475,0.03318475,180,53,159
SIA,MLI,2001,1,1,180,53,168
SIA,MLI,2002,0.25260826,0.25260826,180,53,168
SIA,MLI,2004,1,1,180,53,159
SIA,MLI,2007,1,1,180,53,159
SIA,MLI,2011,1,1,180,53,159
SIA,MLI,2012,0.0387274,0.0387274,180,53,159
SIA,MLI,2015,1,1,180,53,168
SIA,MLI,2019,0.54762089,0.54762089,180,53,159
SIA,MMR,1996,0.00369998,0.00369998,180,53,157
SIA,MMR,1997,0.10852653,0.10852653,180,53,159
SIA,MMR,2002,0.30070434,0.30070434,180,53,159
SIA,MMR,2003,0.42586589,0.42586589,180,53,159
SIA,MMR,2004,0.20505934,0.20505934,180,53,159
SIA,MMR,2007,1,1,180,53,159
SIA,MMR,2012,1,1,180,53,159
SIA,MMR,2015,1,1,180,53,158
SIA,MMR,2015,0.88553481,0.88553481,180,159,159
SIA,MMR,2015,0.77106961,0.77106961,180,160,168
SIA,MMR,2019,0.2512,0.2512,180,53,158
SIA,MMR,2019,0.36064953,0.36064953,180,159,159
SIA,MMR,2019,0.12998561,0.12998561,180,160,163
SIA,MMR,2019,0.02053609,0.02053609,180,164,169
SIA,MMR,2020,0.11514692,0.11514692,180,53,159
SIA,MNG,1994,0.24907923,0.24907923,180,157,161
SIA,MNG,1996,0.39587644,0.39587644,180,53,165
SIA,MNG,2000,0.83754745,0.83754745,180,53,161
SIA,MNG,2001,0.07861442,0.07861442,180,1,184
SIA,MNG,2007,0.99611056,0.99611056,180,105,164
SIA,MNG,2012,0.91459578,0.91459578,180,157,168
SIA,MNG,2015,0.41976037,0.41976037,180,1,159
SIA,MNG,2016,0.75556956,0.75556956,180,172,184
SIA,MOZ,1997,0.07525847,0.07525847,180,53,159
SIA,MOZ,1998,0.07881736,0.07881736,180,53,159
SIA,MOZ,1999,0.05321252,0.05321252,180,53,159
SIA,MOZ,2003,0.00302481,0.00302481,180,1,168
SIA,MOZ,2005,0.91976419,0.91976419,180,53,169
SIA,MOZ,2008,0.85634594,0.85634594,180,53,159
SIA,MOZ,2011,0.95907045,0.95907045,180,53,159
SIA,MOZ,2013,0.94158001,0.94158001,180,53,159
SIA,MOZ,2017,1,1,180,53,168
SIA,MOZ,2018,0.51406874,0.51406874,180,1,168
SIA,MOZ,2020,0.00380943,0.00380943,180,53,168
SIA,MRT,1995,0.99,0.99,180,53,104
SIA,MRT,1997,0.88529546,0.88529546,180,53,104
SIA,MRT,1998,0.78874304,0.78874304,180,53,104
SIA,MRT,1999,0.33778641,0.33778641,180,53,104
SIA,MRT,2000,0.73674315,0.73674315,180,53,104
SIA,MRT,2003,0.31642458,0.31642458,180,53,168
SIA,MRT,2004,1,1,180,53,168
SIA,MRT,2008,0.91547461,0.91547461,180,53,159
SIA,MRT,2011,0.91091771,0.91091771,180,53,158
SIA,MRT,2011,0.56557513,0.56557513,180,159,159
SIA,MRT,2011,0.22023255,0.22023255,180,160,183
SIA,MRT,2012,0.02026647,0.02026647,180,53,169
SIA,MRT,2014,1,1,180,53,168
SIA,MRT,2018,0.50987915,0.50987915,180,53,168
SIA,MWI,1998,0.99,0.99,180,163,168
SIA,MWI,1999,0.04088414,0.04088414,180,53,159
SIA,MWI,2002,0.93037319,0.93037319,180,53,159
SIA,MWI,2005,0.96818666,0.96818666,180,53,159
SIA,MWI,2008,0.86646183,0.86646183,180,53,159
SIA,MWI,2010,1,1,180,53,169
SIA,MWI,2013,0.88797364,0.88797364,180,53,159
SIA,MWI,2015,0.08047111,0.08047111,180,53,159
SIA,MWI,2017,1,1,180,53,168
SIA,MYS,2005,0.44016434,0.44016434,180,161,169
SIA,MYS,2005,0.3529627,0.3529627,180,171,171
SIA,MYS,2012,0.00029682,0.00029682,180,53,160
SIA,MYS,2012,0.00003659,0.00003659,180,161,169
SIA,MYS,2013,0.00014243,0.00014243,180,1,1
SIA,MYS,2013,0.00018622,0.00018622,180,53,52
SIA,MYS,2013,0.00004378,0.00004378,180,105,160
SIA,MYS,2014,0.00287581,0.00287581,180,1,169
SIA,MYS,2014,0.00287147,0.00287147,180,170,171
SIA,MYS,2015,0.00115043,0.00115043,180,1,169
SIA,MYS,2015,0.00113285,0.00113285,180,170,171
SIA,MYS,2016,0.00735002,0.00735002,180,1,1
SIA,MYS,2016,0.00738196,0.00738196,180,53,171
SIA,MYS,2017,0.00555002,0.00555002,180,1,171
SIA,MYS,2017,0.00690339,0.00690339,180,105,169
SIA,MYS,2018,0.00418182,0.00418182,180,1,161
SIA,MYS,2018,0.0026957,0.0026957,180,162,169
SIA,MYS,2019,0.00082749,0.00082749,180,1,1
SIA,MYS,2019,0.00036526,0.00036526,180,53,161
SIA,MYS,2019,0.00002635,0.00002635,180,162,249
SIA,NAM,1997,0.52389117,0.52389117,180,53,168
SIA,NAM,1998,0.82539622,0.82539622,180,53,159
SIA,NAM,2000,0.49454558,0.49454558,180,53,159
SIA,NAM,2003,0.60532973,0.60532973,180,53,159
SIA,NAM,2006,0.61828457,0.61828457,180,53,159
SIA,NAM,2009,0.488826,0.488826,180,53,159
SIA,NAM,2012,0.57155521,0.57155521,180,53,169
SIA,NAM,2014,0.01159128,0.01159128,180,1,52
SIA,NAM,2016,0.54363822,0.54363822,180,53,193
SIA,NAM,2018,0.05298203,0.05298203,180,1,1
SIA,NAM,2019,0.00535251,0.00535251,180,1,52
SIA,NAM,2022,0.44495769,0.44495769,180,53,159
SIA,NER,2004,0.87051537,0.87051537,180,53,168
SIA,NER,2005,0.05225644,0.05225644,180,53,169
SIA,NER,2008,0.9719946,0.9719946,180,53,159
SIA,NER,2010,0.99579584,0.99579584,180,53,158
SIA,NER,2012,0.9509602,0.9509602,180,53,168
SIA,NER,2015,0.84107545,0.84107545,180,53,159
SIA,NER,2019,0.50546678,0.50546678,180,53,159
SIA,NGA,2005,0.4888033,0.4888033,180,53,169
SIA,NGA,2006,0.43845389,0.43845389,180,53,169
SIA,NGA,2007,0.09333996,0.09333996,180,53,159
SIA,NGA,2007,0.01196402,0.01196402,180,160,171
SIA,NGA,2008,1,1,180,53,159
SIA,NGA,2011,1,1,180,53,159
SIA,NGA,2013,0.36780266,0.36780266,180,53,159
SIA,NGA,2015,0.43041743,0.43041743,180,53,164
SIA,NGA,2016,0.61869661,0.61869661,180,53,159
SIA,NGA,2017,0.78002809,0.78002809,180,53,158
SIA,NGA,2018,1,1,180,53,159
SIA,NGA,2019,0.32985459,0.32985459,180,53,159
SIA,NGA,2020,0.03275567,0.03275567,180,53,159
SIA,NGA,2021,0.2417493,0.2417493,180,53,159
SIA,NIC,1996,0.44720571,0.44720571,180,53,158
SIA,NIC,2000,1,1,180,105,158
SIA,NIC,2002,0.07226431,0.07226431,180,53,158
SIA,NIC,2003,0.11899002,0.11899002,180,1,52
SIA,NIC,2004,1,1,180,53,158
SIA,NIC,2005,0.26355438,0.26355438,180,53,52
SIA,NIC,2005,1,1,180,160,193
SIA,NIC,2006,0.04674034,0.04674034,180,1,159
SIA,NIC,2008,1,1,180,53,158
SIA,NIC,2011,0.06864367,0.06864367,180,53,193
SIA,NIC,2012,1,1,180,53,158
SIA,NIC,2016,1,1,180,53,158
SIA,NIU,1997,0.58173785,0.58173785,180,53,169
SIA,NIU,2003,0.2016129,0.2016129,180,159,165
SIA,NPL,2004,0.54834642,0.54834642,180,53,169
SIA,NPL,2005,0.22305042,0.22305042,180,53,169
SIA,NPL,2008,0.05131075,0.05131075,180,1,1
SIA,NPL,2008,0.39581932,0.39581932,180,53,159
SIA,NPL,2009,0.21163391,0.21163391,180,53,159
SIA,NPL,2012,0.37306833,0.37306833,180,53,168
SIA,NPL,2013,0.18409573,0.18409573,180,53,168
SIA,NPL,2015,0.16272926,0.16272926,180,53,159
SIA,NPL,2016,0.91226424,0.91226424,180,53,159
SIA,NPL,2020,0.43736783,0.43736783,180,53,159
SIA,NRU,1997,0.1964149,0.1964149,180,53,168
SIA,NRU,1998,0.19869644,0.19869644,180,53,168
SIA,NRU,2019,0.99,0.99,180,1,1
SIA,NRU,2019,0.10571429,0.10571429,180,53,52
SIA,NZL,1997,0.28108258,0.28108258,180,105,164
SIA,NZL,2020,0.00059687,0.00059687,180,169,184
SIA,NZL,2021,0.00118827,0.00118827,180,169,184
SIA,NZL,2022,0.00029602,0.00029602,180,169,184
SIA,OMN,1994,0.36752823,0.36752823,180,53,172
SIA,OMN,2016,0.00039171,0.00039171,180,1,194
SIA,OMN,2017,0.43368677,0.43368677,180,174,189
SIA,PAK,2005,0.05486457,0.05486457,180,53,159
SIA,PAK,2006,0.01209625,0.01209625,180,53,159
SIA,PAK,2007,0.13626461,0.13626461,180,53,167
SIA,PAK,2007,0.03882612,0.03882612,180,168,169
SIA,PAK,2008,0.61553851,0.61553851,180,53,167
SIA,PAK,2010,0.19751757,0.19751757,180,53,159
SIA,PAK,2010,0.25330284,0.25330284,180,160,166
SIA,PAK,2011,0.0667234,0.0667234,180,53,159
SIA,PAK,2012,0.04610336,0.04610336,180,53,163
SIA,PAK,2013,0.36098696,0.36098696,180,53,163
SIA,PAK,2014,0.19088017,0.19088017,180,53,163
SIA,PAK,2015,0.12497639,0.12497639,180,53,164
SIA,PAK,2017,0.02201292,0.02201292,180,53,159
SIA,PAK,2018,1,1,180,53,159
SIA,PAK,2021,0.56391393,0.56391393,180,53,169
SIA,PAN,1996,0.22912,0.22912,180,53,158
SIA,PAN,2003,0.48821089,0.48821089,180,53,158
SIA,PAN,2006,0.01331526,0.01331526,180,1,159
SIA,PAN,2008,0.45265353,0.45265353,180,53,158
SIA,PAN,2010,0.19706489,0.19706489,180,1,1
SIA,PAN,2010,0.03764596,0.03764596,180,53,159
SIA,PAN,2018,0.45993146,0.45993146,180,53,158
SIA,PER,1992,0.34988003,0.34988003,180,53,168
SIA,PER,1995,0.47143671,0.47143671,180,53,158
SIA,PER,2001,0.514278,0.514278,180,53,158
SIA,PER,2003,0.1337963,0.1337963,180,1,52
SIA,PER,2004,0.18600337,0.18600337,180,170,174
SIA,PER,2006,0.51061366,0.51061366,180,105,193
SIA,PER,2011,0.41511859,0.41511859,180,53,158
SIA,PER,2015,0.03830079,0.03830079,180,53,52
SIA,PER,2016,0.34981587,0.34981587,180,105,159
SIA,PER,2019,0.4242388,0.4242388,180,53,164
SIA,PHL,1998,0.46423114,0.46423114,180,53,169
SIA,PHL,2002,0.04595166,0.04595166,180,53,159
SIA,PHL,2004,1,1,180,53,161
SIA,PHL,2007,0.91194765,0.91194765,180,53,158
SIA,PHL,2009,0.20858286,0.20858286,180,105,104
SIA,PHL,2010,0.01850021,0.01850021,180,53,159
SIA,PHL,2011,0.90054096,0.90054096,180,53,162
SIA,PHL,2013,0.07373271,0.07373271,180,1,159
SIA,PHL,2014,0.58324314,0.58324314,180,53,157
SIA,PHL,2014,0.91954737,0.91954737,180,158,159
SIA,PHL,2018,0.17800472,0.17800472,180,1,159
SIA,PHL,2019,0.1394861,0.1394861,180,1,158
SIA,PHL,2019,0.20663634,0.20663634,180,159,159
SIA,PHL,2019,0.06715024,0.06715024,180,160,165
SIA,PHL,2019,0.0729525,0.0729525,180,166,166
SIA,PHL,2019,0.00580226,0.00580226,180,167,249
SIA,PHL,2020,0.1729221,0.1729221,180,53,159
SIA,PHL,2021,0.00216305,0.00216305,180,1,1
SIA,PHL,2021,0.19304437,0.19304437,180,53,52
SIA,PHL,2021,0.19088132,0.19088132,180,105,159
SIA,PLW,1998,0.07433962,0.07433962,180,160,172
SIA,PNG,1997,0.32243648,0.32243648,180,1,159
SIA,PNG,2003,0.07443511,0.07443511,180,53,164
SIA,PNG,2004,0.50516629,0.50516629,180,53,164
SIA,PNG,2005,0.74233247,0.74233247,180,53,164
SIA,PNG,2008,0.19021165,0.19021165,180,1,161
SIA,PNG,2009,0.69690118,0.69690118,180,53,161
SIA,PNG,2010,0.5731704,0.5731704,180,53,104
SIA,PNG,2012,0.89076356,0.89076356,180,53,157
SIA,PNG,2015,0.28803774,0.28803774,180,53,168
SIA,PNG,2016,0.14589168,0.14589168,180,53,169
SIA,PNG,2017,0.00480807,0.00480807,180,1,169
SIA,PNG,2018,0.00157884,0.00157884,180,1,169
SIA,PNG,2019,0.41769266,0.41769266,180,1,159
SIA,PRK,2007,0.92822355,0.92822355,180,53,199
SIA,PRK,2019,0.63874162,0.63874162,180,53,168
SIA,PRY,1995,0.38475892,0.38475892,180,53,168
SIA,PRY,1998,0.69803233,0.69803233,180,53,158
SIA,PRY,2003,0.98520528,0.98520528,180,53,158
SIA,PRY,2005,0.99559972,0.99559972,180,159,193
SIA,PRY,2009,0.85718483,0.85718483,180,53,158
SIA,PRY,2009,0.94268275,0.94268275,180,159,162
SIA,PRY,2013,0.19096792,0.19096792,180,53,158
SIA,PRY,2014,1,1,180,53,159
SIA,PRY,2021,0.09819517,0.09819517,180,53,160
SIA,PRY,2022,0.09778732,0.09778732,180,53,160
SIA,QAT,2000,0.38644393,0.38644393,180,160,170
SIA,QAT,2007,0.24808792,0.24808792,180,53,159
SIA,QAT,2016,0.27490064,0.27490064,180,53,167
SIA,ROU,1998,0.39995678,0.39995678,180,161,168
SIA,ROU,2011,0.00150659,0.00150659,180,53,161
SIA,ROU,2016,0.26029617,0.26029617,180,53,52
SIA,ROU,2017,0.23671416,0.23671416,180,53,52
SIA,RUS,2014,0.01258735,0.01258735,180,169,171
SIA,RUS,2019,0.00635253,0.00635253,180,172,214
SIA,RUS,2020,0.00098875,0.00098875,180,172,214
SIA,RWA,1999,0.03814652,0.03814652,180,1,159
SIA,RWA,2003,0.90654207,0.90654207,180,53,168
SIA,RWA,2006,0.98913497,0.98913497,180,53,159
SIA,RWA,2009,0.90054381,0.90054381,180,53,159
SIA,RWA,2013,1,1,180,53,168
SIA,RWA,2017,0.87886211,0.87886211,180,53,159
SIA,SAU,1998,0.32680386,0.32680386,180,166,172
SIA,SAU,2000,0.3132175,0.3132175,180,160,167
SIA,SAU,2004,0.31720094,0.31720094,180,160,162
SIA,SAU,2007,0.33303628,0.33303628,180,1,172
SIA,SAU,2011,0.48044631,0.48044631,180,53,159
SIA,SAU,2011,0.81845923,0.81845923,180,160,160
SIA,SAU,2011,0.33801292,0.33801292,180,161,172
SIA,SAU,2020,0.00409716,0.00409716,180,53,184
SIA,SDN,1998,0.01395305,0.01395305,180,53,159
SIA,SDN,1999,0.11873369,0.11873369,180,53,159
SIA,SDN,2003,0.1266263,0.1266263,180,53,168
SIA,SDN,2004,0.16752551,0.16752551,180,53,168
SIA,SDN,2004,0.21274856,0.21274856,180,169,169
SIA,SDN,2005,0.1729733,0.1729733,180,53,159
SIA,SDN,2005,0.11062687,0.11062687,180,160,168
SIA,SDN,2005,0.19191542,0.19191542,180,169,169
SIA,SDN,2006,0.18758679,0.18758679,180,53,168
SIA,SDN,2007,0.20883538,0.20883538,180,53,159
SIA,SDN,2007,0.13146341,0.13146341,180,160,168
SIA,SDN,2008,0.184713,0.184713,180,53,159
SIA,SDN,2008,0.01143266,0.01143266,180,160,168
SIA,SDN,2010,0.21979246,0.21979246,180,53,159
SIA,SDN,2011,0.14587123,0.14587123,180,53,159
SIA,SDN,2011,0.0043417,0.0043417,180,160,169
SIA,SDN,2013,0.97902497,0.97902497,180,53,169
SIA,SDN,2015,0.28332359,0.28332359,180,1,169
SIA,SDN,2015,0.00229959,0.00229959,180,170,184
SIA,SDN,2015,0.00084073,0.00084073,180,185,214
SIA,SDN,2016,0.12816421,0.12816421,180,1,169
SIA,SDN,2017,0.00209861,0.00209861,180,1,1
SIA,SDN,2017,0.06592433,0.06592433,180,53,168
SIA,SDN,2017,0.06633242,0.06633242,180,169,169
SIA,SDN,2017,0.00040809,0.00040809,180,170,249
SIA,SDN,2019,0.53136934,0.53136934,180,53,164
SIA,SEN,2003,1,1,180,53,168
SIA,SEN,2004,0.04433495,0.04433495,180,53,168
SIA,SEN,2006,1,1,180,53,159
SIA,SEN,2010,0.12299641,0.12299641,180,53,159
SIA,SEN,2013,1,1,180,53,168
SIA,SEN,2017,0.8965739,0.8965739,180,53,159
SIA,SEN,2021,0.04479013,0.04479013,180,53,159
SIA,SLB,1997,0.37487816,0.37487816,180,53,169
SIA,SLB,1998,0.38754255,0.38754255,180,53,168
SIA,SLB,2006,1,1,180,53,158
SIA,SLB,2009,0.97561967,0.97561967,180,53,158
SIA,SLB,2012,0.82966804,0.82966804,180,53,159
SIA,SLB,2014,1,1,180,53,184
SIA,SLB,2019,0.32293262,0.32293262,180,1,160
SIA,SLB,2021,0.00282139,0.00282139,180,1,104
SIA,SLE,2003,1,1,180,53,168
SIA,SLE,2006,0.78855633,0.78855633,180,53,159
SIA,SLE,2009,0.82088694,0.82088694,180,53,159
SIA,SLE,2012,1,1,180,53,159
SIA,SLE,2015,1,1,180,53,159
SIA,SLE,2015,0.95623884,0.95623884,180,105,104
SIA,SLE,2016,0.46471581,0.46471581,180,1,168
SIA,SLE,2018,0.02941783,0.02941783,180,1,169
SIA,SLE,2019,0.04589282,0.04589282,180,1,169
SIA,SLE,2019,0.5503912,0.5503912,180,53,168
SIA,SLV,2001,1,1,180,53,158
SIA,SLV,2004,1,1,180,169,193
SIA,SLV,2005,0.68080594,0.68080594,180,159,159
SIA,SLV,2007,0.91107943,0.91107943,180,53,160
SIA,SLV,2008,0.93073083,0.93073083,180,166,172
SIA,SLV,2012,0.94828775,0.94828775,180,158,158
SIA,SOM,2005,0.06645356,0.06645356,180,53,169
SIA,SOM,2006,0.40619445,0.40619445,180,53,169
SIA,SOM,2007,0.54013307,0.54013307,180,53,169
SIA,SOM,2008,0.02651809,0.02651809,180,53,169
SIA,SOM,2009,0.31629705,0.31629705,180,53,159
SIA,SOM,2010,0.52229975,0.52229975,180,53,159
SIA,SOM,2011,0.09425932,0.09425932,180,53,159
SIA,SOM,2011,0.08955837,0.08955837,180,160,168
SIA,SOM,2011,0.04646685,0.04646685,180,169,169
SIA,SOM,2012,0.37387283,0.37387283,180,1,1
SIA,SOM,2012,0.32568335,0.32568335,180,53,158
SIA,SOM,2012,0.3015886,0.3015886,180,159,159
SIA,SOM,2013,0.38421889,0.38421889,180,1,158
SIA,SOM,2014,0.52680623,0.52680623,180,53,159
SIA,SOM,2015,0.85714608,0.85714608,180,53,163
SIA,SOM,2016,0.2685189,0.2685189,180,53,159
SIA,SOM,2016,0.13746555,0.13746555,180,160,163
SIA,SOM,2017,0.73792988,0.73792988,180,1,1
SIA,SOM,2017,0.75105299,0.75105299,180,53,159
SIA,SOM,2018,0.39047524,0.39047524,180,1,164
SIA,SOM,2019,0.15075062,0.15075062,180,1,159
SIA,SOM,2020,0.9,0.9,180,53,158
SIA,SOM,2022,0.99,0.99,180,1,159
SIA,SSD,2008,0.03752221,0.03752221,180,53,168
SIA,SSD,2011,0.16703454,0.16703454,180,53,159
SIA,SSD,2011,0.04761676,0.04761676,180,160,168
SIA,SSD,2012,1,1,180,53,159
SIA,SSD,2013,0.07038225,0.07038225,180,1,159
SIA,SSD,2014,0.54906304,0.54906304,180,53,159
SIA,SSD,2014,0.09812608,0.09812608,180,160,169
SIA,SSD,2015,0.0405175,0.0405175,180,53,159
SIA,SSD,2015,0.05160805,0.05160805,180,160,169
SIA,SSD,2016,0.07304392,0.07304392,180,1,159
SIA,SSD,2016,0.00298751,0.00298751,180,160,169
SIA,SSD,2017,0.28949665,0.28949665,180,1,159
SIA,SSD,2018,0.15049527,0.15049527,180,1,159
SIA,SSD,2019,0.99,0.99,180,1,159
SIA,SSD,2019,0.00168334,0.00168334,180,160,168
SIA,SSD,2020,0.9,0.9,180,53,158
SIA,SSD,2021,0.00411254,0.00411254,180,1,159
SIA,STP,1999,0.5132104,0.5132104,180,53,168
SIA,STP,2007,0.96760496,0.96760496,180,53,168
SIA,STP,2012,0.75015817,0.75015817,180,53,159
SIA,STP,2016,0.95320599,0.95320599,180,53,168
SIA,SUR,1997,0.33150916,0.33150916,180,53,160
SIA,SUR,2005,0.23083887,0.23083887,180,53,160
SIA,SUR,2007,0.01025793,0.01025793,180,53,159
SIA,SUR,2010,0.00018212,0.00018212,180,53,166
SIA,SUR,2017,0.00485078,0.00485078,180,1,1
SIA,SUR,2019,0.0423838,0.0423838,180,1,1
SIA,SWZ,1998,0.4163406,0.4163406,180,163,168
SIA,SWZ,1999,0.40195813,0.40195813,180,159,168
SIA,SWZ,2002,0.88877533,0.88877533,180,53,159
SIA,SWZ,2006,0.9829561,0.9829561,180,53,159
SIA,SWZ,2009,0.73866185,0.73866185,180,53,158
SIA,SWZ,2010,0.76360902,0.76360902,180,53,159
SIA,SWZ,2013,0.79128969,0.79128969,180,53,159
SIA,SWZ,2016,0.92205798,0.92205798,180,53,168
SIA,SWZ,2021,0.37278908,0.37278908,180,1,159
SIA,SYC,2019,0.49592549,0.49592549,180,1,1
SIA,SYR,1998,0.51895853,0.51895853,180,53,169
SIA,SYR,2003,0.03027634,0.03027634,180,53,168
SIA,SYR,2004,0.18564969,0.18564969,180,163,166
SIA,SYR,2007,0.85030136,0.85030136,180,53,161
SIA,SYR,2007,1,1,180,162,164
SIA,SYR,2008,0.68781386,0.68781386,180,165,169
SIA,SYR,2009,0.00223042,0.00223042,180,1,159
SIA,SYR,2012,0.4672816,0.4672816,180,1,158
SIA,SYR,2013,0.35520808,0.35520808,180,160,164
SIA,SYR,2013,0.45231154,0.45231154,180,166,169
SIA,SYR,2014,0.3385164,0.3385164,180,53,159
SIA,SYR,2015,0.7744934,0.7744934,180,53,159
SIA,SYR,2016,0.47728098,0.47728098,180,53,159
SIA,SYR,2017,0.38259839,0.38259839,180,53,159
SIA,SYR,2017,0.37726084,0.37726084,180,160,166
SIA,SYR,2018,0.3268229,0.3268229,180,160,166
SIA,TCD,1997,0.04548927,0.04548927,180,53,159
SIA,TCD,1999,0.04562841,0.04562841,180,53,159
SIA,TCD,2005,0.21435925,0.21435925,180,53,168
SIA,TCD,2006,0.55488814,0.55488814,180,53,169
SIA,TCD,2008,0.84054372,0.84054372,180,53,159
SIA,TCD,2009,0.26801305,0.26801305,180,53,159
SIA,TCD,2011,0.32487876,0.32487876,180,53,158
SIA,TCD,2012,0.95932128,0.95932128,180,53,159
SIA,TCD,2014,0.58234049,0.58234049,180,53,163
SIA,TCD,2016,0.52784406,0.52784406,180,53,159
SIA,TCD,2017,0.12726992,0.12726992,180,53,159
SIA,TCD,2018,0.25446468,0.25446468,180,53,163
SIA,TCD,2019,0.08647967,0.08647967,180,1,1
SIA,TCD,2019,0.13426115,0.13426115,180,53,163
SIA,TCD,2020,0.89999883,0.89999883,180,53,158
SIA,TCD,2021,0.60435752,0.60435752,180,53,159
SIA,TGO,2001,1,1,180,53,168
SIA,TGO,2002,0.29355568,0.29355568,180,53,168
SIA,TGO,2004,1,1,180,53,159
SIA,TGO,2008,0.91556844,0.91556844,180,53,159
SIA,TGO,2010,1,1,180,53,158
SIA,TGO,2013,0.87329,0.87329,180,53,163
SIA,TGO,2015,0.42299113,0.42299113,180,53,163
SIA,TGO,2018,0.55965514,0.55965514,180,53,168
SIA,THA,2015,0.2300358,0.2300358,180,105,161
SIA,THA,2018,0.00476561,0.00476561,180,53,160
SIA,THA,2018,0.01879764,0.01879764,180,161,161
SIA,THA,2018,0.01492217,0.01492217,180,162,166
SIA,THA,2018,0.00089014,0.00089014,180,167,169
SIA,THA,2019,0.00364037,0.00364037,180,53,160
SIA,THA,2019,0.01416448,0.01416448,180,161,161
SIA,THA,2019,0.01120002,0.01120002,180,162,166
SIA,THA,2019,0.00067592,0.00067592,180,167,169
SIA,THA,2021,0.0013587,0.0013587,180,174,194
SIA,TJK,2004,1,1,180,53,168
SIA,TJK,2009,0.9446011,0.9446011,180,53,168
SIA,TJK,2017,0.46842252,0.46842252,180,53,163
SIA,TKM,2007,0.53562571,0.53562571,180,161,194
SIA,TKM,2017,0.38809911,0.38809911,180,105,164
SIA,TLS,2003,0.82186384,0.82186384,180,53,159
SIA,TLS,2006,0.35744842,0.35744842,180,53,169
SIA,TLS,2009,0.76802844,0.76802844,180,53,159
SIA,TLS,2011,1,1,180,53,168
SIA,TLS,2015,1,1,180,53,169
SIA,TLS,2018,0.50528201,0.50528201,180,53,159
SIA,TON,1998,0.99,0.99,180,163,168
SIA,TON,2019,0.35757017,0.35757017,180,1,178
SIA,TON,2020,0.2797718,0.2797718,180,1,52
SIA,TON,2020,0.11996748,0.11996748,180,105,178
SIA,TTO,2015,0.00046641,0.00046641,180,53,199
SIA,TTO,2017,0.01044807,0.01044807,180,1,1
SIA,TTO,2021,0.0016303,0.0016303,180,1,104
SIA,TUN,1998,0.41430245,0.41430245,180,161,170
SIA,TUN,2001,0.51326963,0.51326963,180,1,159
SIA,TUN,2002,0.25961657,0.25961657,180,1,104
SIA,TUN,2005,0.4507241,0.4507241,180,167,172
SIA,TUN,2019,0.09613175,0.09613175,180,1,1
SIA,TUN,2019,0.10322201,0.10322201,180,53,52
SIA,TUN,2019,0.00709026,0.00709026,180,105,160
SIA,TUV,1998,0.4576041,0.4576041,180,53,168
SIA,TUV,2005,0.71436909,0.71436909,180,53,188
SIA,TUV,2010,0.47157623,0.47157623,180,53,159
SIA,TZA,1999,0.00613314,0.00613314,180,53,159
SIA,TZA,2000,0.42221373,0.42221373,180,53,159
SIA,TZA,2001,0.26132198,0.26132198,180,53,168
SIA,TZA,2002,0.89358306,0.89358306,180,161,168
SIA,TZA,2005,0.89212793,0.89212793,180,53,159
SIA,TZA,2006,0.05165125,0.05165125,180,53,169
SIA,TZA,2008,0.82712913,0.82712913,180,53,164
SIA,TZA,2011,0.85086262,0.85086262,180,53,159
SIA,TZA,2014,1,1,180,53,168
SIA,TZA,2019,0.4603457,0.4603457,180,53,159
SIA,UGA,1997,0.01148586,0.01148586,180,1,159
SIA,UGA,1998,0.02047277,0.02047277,180,1,1
SIA,UGA,1998,0.02977186,0.02977186,180,53,159
SIA,UGA,1999,0.02922948,0.02922948,180,53,159
SIA,UGA,2000,0.23953291,0.23953291,180,53,159
SIA,UGA,2001,0.05546502,0.05546502,180,53,168
SIA,UGA,2003,1,1,180,53,168
SIA,UGA,2005,0.24956573,0.24956573,180,53,104
SIA,UGA,2006,0.96365027,0.96365027,180,53,159
SIA,UGA,2009,1,1,180,53,158
SIA,UGA,2012,0.98544922,0.98544922,180,53,159
SIA,UGA,2015,0.92382648,0.92382648,180,53,159
SIA,UGA,2019,0.53708843,0.53708843,180,53,168
SIA,UKR,2008,0.01084038,0.01084038,180,169,183
SIA,UKR,2017,0.01863589,0.01863589,180,53,159
SIA,UKR,2017,0.05789324,0.05789324,180,160,163
SIA,UKR,2018,0.00761394,0.00761394,180,53,159
SIA,UKR,2018,0.02043919,0.02043919,180,160,172
SIA,UKR,2019,0.01523378,0.01523378,180,53,159
SIA,UKR,2019,0.04031666,0.04031666,180,160,172
SIA,UKR,2020,0.00127502,0.00127502,180,53,159
SIA,UKR,2020,0.00332614,0.00332614,180,160,172
SIA,URY,1994,0.30067518,0.30067518,180,53,168
SIA,URY,1998,0.6123296,0.6123296,180,53,158
SIA,URY,2008,0.00192279,0.00192279,180,170,193
SIA,UZB,2006,0.05477864,0.05477864,180,164,183
SIA,UZB,2007,0.50187584,0.50187584,180,53,183
SIA,UZB,2011,0.97543738,0.97543738,180,53,168
SIA,UZB,2019,0.03332988,0.03332988,180,1,1
SIA,UZB,2019,0.03788296,0.03788296,180,53,52
SIA,UZB,2019,0.00455308,0.00455308,180,105,168
SIA,UZB,2019,0.00169693,0.00169693,180,172,214
SIA,UZB,2020,0.31053688,0.31053688,180,1,159
SIA,UZB,2022,0.40571519,0.40571519,180,1,159
SIA,VCT,2016,0.002936,0.002936,180,158,159
SIA,VCT,2017,0.02696128,0.02696128,180,1,104
SIA,VEN,1994,0.50853567,0.50853567,180,53,168
SIA,VEN,1998,0.43316292,0.43316292,180,53,158
SIA,VEN,2002,0.99,0.99,180,53,158
SIA,VEN,2003,0.09026344,0.09026344,180,1,52
SIA,VEN,2003,0.12444649,0.12444649,180,105,104
SIA,VEN,2003,0.03418304,0.03418304,180,157,168
SIA,VEN,2003,0.99,0.99,180,169,169
SIA,VEN,2004,0.01859692,0.01859692,180,53,104
SIA,VEN,2005,0.130131,0.130131,180,166,171
SIA,VEN,2006,0.99,0.99,180,53,158
SIA,VEN,2007,0.52644567,0.52644567,180,172,193
SIA,VEN,2009,0.02896762,0.02896762,180,53,159
SIA,VEN,2009,0.24060259,0.24060259,180,160,164
SIA,VEN,2010,0.01165511,0.01165511,180,105,159
SIA,VEN,2012,0.02896175,0.02896175,180,1,52
SIA,VEN,2013,0.00324158,0.00324158,180,53,159
SIA,VEN,2014,0.42179553,0.42179553,180,53,159
SIA,VEN,2017,0.14680329,0.14680329,180,1,159
SIA,VEN,2017,0.0140914,0.0140914,180,160,249
SIA,VEN,2018,0.25940187,0.25940187,180,1,169
SIA,VEN,2019,0.23561987,0.23561987,180,1,169
SIA,VNM,1993,0.02765119,0.02765119,180,53,104
SIA,VNM,1994,0.02053964,0.02053964,180,53,104
SIA,VNM,1995,0.01759523,0.01759523,180,53,104
SIA,VNM,1996,0.01477033,0.01477033,180,53,104
SIA,VNM,1997,0.01391858,0.01391858,180,53,104
SIA,VNM,1998,0.01055009,0.01055009,180,53,104
SIA,VNM,1999,0.00814238,0.00814238,180,53,104
SIA,VNM,1999,0.00639949,0.00639949,180,157,164
SIA,VNM,2000,0.00328242,0.00328242,180,53,164
SIA,VNM,2001,0.01777403,0.01777403,180,53,164
SIA,VNM,2002,0.42718956,0.42718956,180,53,164
SIA,VNM,2003,0.57286776,0.57286776,180,53,164
SIA,VNM,2004,0.1226834,0.1226834,180,166,172
SIA,VNM,2005,0.01993536,0.01993536,180,160,160
SIA,VNM,2007,0.12009204,0.12009204,180,53,174
SIA,VNM,2008,0.04482063,0.04482063,180,161,174
SIA,VNM,2010,0.99994044,0.99994044,180,53,159
SIA,VNM,2013,0.00789629,0.00789629,180,53,169
SIA,VNM,2014,0.63857334,0.63857334,180,53,104
SIA,VNM,2014,0.98998772,0.98998772,180,157,158
SIA,VNM,2014,0.9434653,0.9434653,180,159,159
SIA,VNM,2014,0.89694288,0.89694288,180,160,163
SIA,VNM,2014,0.122646,0.122646,180,164,168
SIA,VNM,2015,0.27410726,0.27410726,180,53,168
SIA,VNM,2016,0.68319419,0.68319419,180,170,171
SIA,VNM,2018,0.05219851,0.05219851,180,53,158
SIA,VNM,2018,0.03080387,0.03080387,180,159,159
SIA,VNM,2020,0.04893415,0.04893415,180,53,159
SIA,VUT,1998,0.50211441,0.50211441,180,53,168
SIA,VUT,2006,1,1,180,53,166
SIA,VUT,2009,0.9553292,0.9553292,180,53,159
SIA,VUT,2013,0.8969917,0.8969917,180,53,159
SIA,VUT,2015,0.80532249,0.80532249,180,53,159
SIA,VUT,2015,0.99389685,0.99389685,180,160,169
SIA,VUT,2019,0.09232616,0.09232616,180,53,160
SIA,WSM,1998,0.53643779,0.53643779,180,53,168
SIA,WSM,2003,0.59196786,0.59196786,180,53,172
SIA,WSM,2008,0.92037678,0.92037678,180,53,159
SIA,WSM,2009,0.84904221,0.84904221,180,53,159
SIA,WSM,2017,0.44486334,0.44486334,180,53,166
SIA,WSM,2019,0.51954869,0.51954869,180,1,204
SIA,WSM,2020,0.9,0.9,180,53,158
SIA,YEM,2001,0.71540093,0.71540093,180,53,159
SIA,YEM,2004,0.17446076,0.17446076,180,53,52
SIA,YEM,2006,1,1,180,53,169
SIA,YEM,2007,0.13798691,0.13798691,180,53,169
SIA,YEM,2008,0.03168734,0.03168734,180,53,169
SIA,YEM,2009,0.17877867,0.17877867,180,53,158
SIA,YEM,2009,0.58938933,0.58938933,180,159,159
SIA,YEM,2009,1,1,180,160,163
SIA,YEM,2010,0.04610077,0.04610077,180,1,168
SIA,YEM,2011,0.01479458,0.01479458,180,53,169
SIA,YEM,2012,1,1,180,53,164
SIA,YEM,2013,0.0397655,0.0397655,180,53,164
SIA,YEM,2014,1,1,180,53,169
SIA,YEM,2015,0.14983753,0.14983753,180,53,169
SIA,YEM,2016,0.22492694,0.22492694,180,53,169
SIA,YEM,2017,0.01441879,0.01441879,180,1,169
SIA,YEM,2018,0.04132458,0.04132458,180,1,164
SIA,YEM,2018,0.01119579,0.01119579,180,165,169
SIA,YEM,2019,0.51028052,0.51028052,180,53,168
SIA,YEM,2021,0.16774862,0.16774862,180,160,164
SIA,ZAF,1996,0.10337668,0.10337668,180,53,168
SIA,ZAF,1997,0.30766063,0.30766063,180,159,168
SIA,ZAF,2000,0.29115242,0.29115242,180,53,159
SIA,ZAF,2004,0.38111685,0.38111685,180,53,159
SIA,ZAF,2005,0.24904603,0.24904603,180,53,159
SIA,ZAF,2007,0.41414341,0.41414341,180,53,159
SIA,ZAF,2009,0.99,0.99,180,1,1
SIA,ZAF,2009,0.00084908,0.00084908,180,53,159
SIA,ZAF,2010,0.45783527,0.45783527,180,1,169
SIA,ZAF,2013,0.31077227,0.31077227,180,1,159
SIA,ZAF,2017,0.31062115,0.31062115,180,1,158
SIA,ZAF,2017,0.35153491,0.35153491,180,159,159
SIA,ZAF,2017,0.04091377,0.04091377,180,160,168
SIA,ZMB,1999,0.10297607,0.10297607,180,53,159
SIA,ZMB,2002,0.14768986,0.14768986,180,53,169
SIA,ZMB,2003,0.97577615,0.97577615,180,53,169
SIA,ZMB,2007,0.97343421,0.97343421,180,53,159
SIA,ZMB,2010,0.99708041,0.99708041,180,53,158
SIA,ZMB,2012,1,1,180,1,168
SIA,ZMB,2016,1,1,180,53,168
SIA,ZMB,2020,0.52815269,0.52815269,180,53,159
SIA,ZWE,1997,0.00801828,0.00801828,180,53,168
SIA,ZWE,1998,0.5342658,0.5342658,180,53,168
SIA,ZWE,2002,0.91158649,0.91158649,180,53,159
SIA,ZWE,2003,0.2086268,0.2086268,180,53,159
SIA,ZWE,2006,0.80321375,0.80321375,180,53,159
SIA,ZWE,2009,0.7557631,0.7557631,180,53,159
SIA,ZWE,2010,1,1,180,53,168
SIA,ZWE,2012,0.787938,0.787938,180,53,159
SIA,ZWE,2015,0.99235167,0.99235167,180,53,168
SIA,ZWE,2019,0.35668958,0.35668958,180,53,159
